-- phpMyAdmin SQL Dump
-- version 4.3.8
-- http://www.phpmyadmin.net
--
-- Host: localhost
-- Generation Time: Dec 14, 2016 at 06:22 AM
-- Server version: 5.5.51-38.2
-- PHP Version: 5.4.31

SET SQL_MODE = "NO_AUTO_VALUE_ON_ZERO";
SET time_zone = "+00:00";


/*!40101 SET @OLD_CHARACTER_SET_CLIENT=@@CHARACTER_SET_CLIENT */;
/*!40101 SET @OLD_CHARACTER_SET_RESULTS=@@CHARACTER_SET_RESULTS */;
/*!40101 SET @OLD_COLLATION_CONNECTION=@@COLLATION_CONNECTION */;
/*!40101 SET NAMES utf8 */;

--
-- Database: `websol_telemedicine`
--

-- --------------------------------------------------------

--
-- Table structure for table `codes`
--

CREATE TABLE IF NOT EXISTS `codes` (
  `code` varchar(255) NOT NULL,
  `description` varchar(1000) NOT NULL
) ENGINE=InnoDB DEFAULT CHARSET=latin1;

--
-- Dumping data for table `codes`
--

INSERT INTO `codes` (`code`, `description`) VALUES
('90785', 'Interactive Complexity (add-on code), performed with psychotherapy '),
('90791', 'Psychiatric Diagnostic Interview Examination, no medical services '),
('90792', 'Psychiatric Diagnostic Interview Examination, W/ medical services '),
('90832', 'Individual Psychotherapy, 30 Minutes'),
('90833', 'Individual Psychotherapy, 30 Minutes '),
('90834', 'Individual Psychotherapy, 45 Minutes'),
('90836', 'Individual Psychotherapy, 45 Minutes'),
('90837', 'Individual Psychotherapy, 60 Minutes '),
('90838', 'Individual Psychotherapy, 60 Minutes '),
('90839', 'Psychotherapy for crisis, first 60 minutes '),
('90840', 'Psychotherapy for crisis, add on code fro each additional 30 minutes '),
('90845', 'Psychoanalysis'),
('90846', 'Family Psychotherapy w/o patient present '),
('90847', 'Family Psychotherapy with patient present '),
('90853', 'Group Psychotherapy '),
('90863', 'Pharmacologic Management'),
('90951', 'End Stage Renal Disease Related Services included in the monthly capitation payment '),
('90952', 'End Stage Renal Disease Related Services included in the monthly capitation payment '),
('90954', 'End Stage Renal Disease Related Services included in the monthly capitation payment '),
('90955', 'End Stage Renal Disease Related Services included in the monthly capitation payment '),
('90957', 'End Stage Renal Disease Related Services included in the monthly capitation payment '),
('90958', 'End Stage Renal Disease Related Services included in the monthly capitation payment '),
('90960', 'End Stage Renal Disease Related Services included in the monthly capitation payment '),
('90961', 'End Stage Renal Disease Related Services included in the monthly capitation payment '),
('90963', 'End-Stage Renal Disease (ESRD)-related services for home dialysis per full month, for patients younger than 2 years of age to include monitoring for the adequacy of nutrition, assessment of growth anddevelopment, and counseling of parents '),
('90964', 'End-Stage Renal Disease (ESRD)-related services for home dialysis per full month, for patients 2-11 years of age to include monitoring for the adequacy of nutrition, assessment of growth and development, and counseling of parents '),
('90965', 'End-Stage Renal Disease (ESRD)-related services for home dialysis per full month, for patients 12-19 years of age to include monitoring for the adequacy of nutrition, assessment of growth and development, and counseling of parents '),
('90966', 'End-Stage Renal Disease (ESRD)-related services for home dialysis per full month, for patients 20 years of age and older '),
('93010', 'Electrocardiogram Interpretation and Report Only '),
('93012', 'Telephonic transmission of post-symptom electrocardiogram rhythm strips(s), 24-hour attended monitoring, per 30 day period of time; tracing only '),
('93014', 'Telephonic transmission of post-symptom electrocardiogram rhythm strips(s), 24-hour attended monitoring, per 30 day period of time; physician review with interpretation and report only '),
('93307', 'Echocardiography'),
('93308', 'Echocardiography'),
('93320', 'Echocardiography'),
('93321', 'Echocardiography'),
('93325', 'Echocardiography'),
('93733', 'Electronic analysis of dual chamber internal pacemaker system (may include rate, pulse amplitude and duration, configuration of wave form, and/or testing of sensory function of pacemaker), telephonic analysis'),
('93736', 'Electronic analysis of single chamber internal pacemaker system (may include rate, pulse amplitude and duration, configuration of wave form, and/or testing of sensory function of pacemaker), telephonic analysis'),
('94010-94070', 'Pulmonary Function Testing/Spirometry '),
('96040', 'Medical genetics and genetic counseling services, each 30 minutes face-to-face with patient/family'),
('96101', 'Psychological testing, per hour of psychologist''s or physician''s time'),
('96116', 'Neurobehavioral Status Examination'),
('96118', 'Neuropsychological testing, per hour of the psychologist''s or physician''s time'),
('96150', 'Individual and Group Health and Behavior Assessment and Intervention '),
('96151', 'Individual and Group Health and Behavior Assessment and Intervention '),
('96152', 'Individual and Group Health and Behavior Assessment and Intervention '),
('96153', 'Individual and Group Health and Behavior Assessment and Intervention '),
('96154', 'Individual and Group Health and Behavior Assessment and Intervention '),
('97802', 'Individual and Group Medical Nutrition Therapy '),
('97803', 'Individual and Group Medical Nutrition Therapy '),
('97804', 'Individual and Group Medical Nutrition Therapy '),
('98960', 'Education and training for patient self-management by a qualified, nonphysician health care professional using a standardized curriciulum, face-to-face with the patient (could include family/caregiver) each 30 minutes; individual patient '),
('98961', 'Education and training for patient self-management by a qualified, nonphysician health care professional using a standardized curriciulum, face-to-face with the patient (could include family/caregiver) each 30 minutes; 2-4 patients'),
('98962', 'Education and training for patient self-management by a qualified, nonphysician health care professional using a standardized curriciulum, face-to-face with the patient (could include family/caregiver) each 30 minutes; 5-8 patients '),
('98966', 'Telephone assessment and management services provided by a qualified nonphysician healthcare professional to an established patient, parent, or guardian not originating from a related assessment and management service provided within the previous 7 days nor leading to an assessment and management services or procedure within the next 24 hours or soonest available appointment; 5-10 minutes of medical discussion'),
('98967', 'Telephone assessment and management services provided by a qualified nonphysician healthcare professional to an established patient, parent, or guardian not originating from a related assessment and management service provided within the previous 7 days nor leading to an assessment and management services or procedure within the next 24 hours or soonest available appointment; 11-20 minutes of medical discussion'),
('98968', 'Telephone assessment and management services provided by a qualified nonphysician healthcare professional to an established patient, parent, or guardian not originating from a related assessment and management service provided within the previous 7 days nor leading to an assessment and management services or procedure within the next 24 hours or soonest available appointment; 21-30 minutes of medical discussion'),
('98969', 'Online assessment and management services provided by a qualified nonphysician healthcare professional to an established patient, guardian or health care provider not originating from a related E/M service provided within the previous 7 days , using the internet or similar electronic communications network'),
('99075', 'Medical Testimony, Special Reports, Educational Services for groups, and Data Analysis '),
('99078', 'Medical Testimony, Special Reports, Educational Services for groups, and Data Analysis '),
('99080', 'Medical Testimony, Special Reports, Educational Services for groups, and Data Analysis '),
('99082', 'Unusual Travel (only when patient must be transported to a medical facility and is accompanied by a physician '),
('99090', 'Medical Testimony, Special Reports, Educational Services for groups, and Data Analysis '),
('99091', 'Collection and interpretation of physiological data, digitally stored and/or transmitted by the patients and/or caregiver to the physician or other qualified professional, requiring a minimum of 30 minutes of time'),
('99201', 'Office or other outpatient visits (Do not use for established patient)'),
('99202', 'Office or other outpatient visits (Do not use for established patient)'),
('99203', 'Office or other outpatient visits (Do not use for established patient)'),
('99204', 'Office or other outpatient visits (Do not use for established patient)'),
('99205', 'Office or other outpatient visits (Do not use for established patient)'),
('99211', 'Office or other outpatient visits '),
('99212', 'Office or other outpatient visits (Established Patient)'),
('99213', 'Office or other outpatient visits (Established Patient)'),
('99214', 'Office or other outpatient visits (Established Patient)'),
('99215', 'Office or other outpatient visits '),
('99221', 'Initial and Subsequent Inpatient Hospital Care '),
('99222', 'Initial and Subsequent Inpatient Hospital Care '),
('99223', 'Initial and Subsequent Inpatient Hospital Care '),
('99231', 'Subsequent Hospital Care Services with the limitation of 1 telehealth visit every 30 days'),
('99232', 'Subsequent Hospital Care Services with the limitation of 1 telehealth visit every 30 days'),
('99233', 'Subsequent Hospital Care Services with the limitation of 1 telehealth visit every 30 days'),
('99241', 'Outpatient Consult'),
('99242', 'Outpatient Consult'),
('99243', 'Outpatient Consult'),
('99244', 'Outpatient Consult'),
('99245', 'Outpatient Consult'),
('99251', 'Inpatient Consultation'),
('99252', 'Inpatient Consultation'),
('99253', 'Inpatient Consultation'),
('99254', 'Inpatient Consultation'),
('99255', 'Inpatient Consultation'),
('99291/0188T', 'Initial and Subsequent Critical Care '),
('99292/0189T', 'Initial and Subsequent Critical Care '),
('99307', 'Subsequent Nursing Facility Care Services with the limitation of 1 telehealth visit every 30 days'),
('99308', 'Subsequent Nursing Facility Care Services with the limitation of 1 telehealth visit every 30 days'),
('99309', 'Subsequent Nursing Facility Care Services with the limitation of 1 telehealth visit every 30 days'),
('99310', 'Subsequent Nursing Facility Care Services with the limitation of 1 telehealth visit every 30 days'),
('99354', 'Prolonged service in the office or the other outpatient setting requiring direct patient contact beyond the usual service; first hour'),
('99355', 'Prolonged service in the office or the other outpatient setting requiring direct patient contact beyond the usual service; each additional 30 mins'),
('99356', 'Prolonged service in the inpatient or observation setting requiring unit/floor time beyond the usual service; first hour'),
('99357', 'Prolonged service in the inpatient or observation setting requiring unit/floor time beyond the usual service; each additional 30 minutes '),
('99406', 'Smoking Cessation Services  '),
('99407', 'Smoking Cessation Services '),
('99408', 'Alcohol and/or substance (other than tobacco) abuse structured screening, and brief intervention services; 15 to 30 minutes'),
('99409', 'Alcohol and/or substance (other than tobacco) abuse structured screening, and brief intervention services; greater than 30 minutes '),
('99441', 'Telephone evaluation and management service provided by a physician or other qualified healthcare professional to an established patient, parent, or guardian not originating from a related E/M service provided within the previous 7 days nor leading to an E/M service or procedure within the next 24 hours or soonest available appointment; 5-10 minutes of medical discussion'),
('99442', 'Telephone evaluation and management service provided by a physician or other qualified healthcare professional to an established patient, parent, or guardian not originating from a related E/M service provided within the previous 7 days nor leading to an E/M service or procedure within the next 24 hours or soonest available appointment; 11-20 minutes of medical discussion'),
('99443', 'Telephone evaluation and management service provided by a physician or other qualified healthcare professional to an established patient, parent, or guardian not originating from a related E/M service provided within the previous 7 days nor leading to an E/M service or procedure within the next 24 hours or soonest available appointment; 21-30 minutes of medical discussion'),
('99444', 'Online evaluation and management services provided by a physician or other qualified healthcare professional to an established patient, guardian or health care provider not originating from a related E/M service provided within the previous 7 days , using the internet or similar electronic communications network'),
('99446', 'Interprofessional telephone/Internet assessment and management service provided by a consultative physician including verbal and written report to the patient''s treating/requesting physician or other qualified health care professional; 5-10 Mins of medical consultative discussion and review. '),
('99447', 'Interprofessional telephone/Internet assessment and management service provided by a consultative physician including verbal and written report to the patient''s treating/requesting physician or other qualified health care professional; 11-20 Mins of medical consultative discussion and review'),
('99448', 'Interprofessional telephone/Internet assessment and management service provided by a consultative physician including verbal and written report to the patient''s treating/requesting physician or other qualified health care professional; 21-30 Mins of medical consultative discussion and review'),
('99449', 'Interprofessional telephone/Internet assessment and management service provided by a consultative physician including verbal and written report to the patient''s treating/requesting physician or other qualified health care professional; 31 Mins or more of medical consultative discussion and review'),
('99495', 'Transitional care management services with moderate medical decision complexity (face-to-face visit within 14 days of discharge)'),
('99496', 'Transitional care management services with high medical decision complexity (face-to-face visit within 7 days of discharge)'),
('G0108', 'Individual and Group Diabetes Self-Management Training Services, minimum of 1 hour in-person instruction to be furnished in the initial year training period to ensure effective injection training.  '),
('G0109', 'Individual and Group Diabetes Self-Management Training Services, minimum of 1 hour in-person instruction to be furnished in the initial year training period to ensure effective injection training.  '),
('G0270', 'Individual and group medical nutrition therapy'),
('G0308', 'End Stage Renal Disease Related Services  '),
('G0309', 'End Stage Renal Disease Related Services  '),
('G0311', 'End Stage Renal Disease Related Services  '),
('G0312', 'End Stage Renal Disease Related Services  '),
('G0314', 'End Stage Renal Disease Related Services  '),
('G0315', 'End Stage Renal Disease Related Services  '),
('G0317', 'End Stage Renal Disease Related Services  '),
('G0318', 'End Stage Renal Disease Related Services  '),
('G0396', 'Alcohol and/or Substance (other than tobacco) Abuse Structured Assessment and Intervention Services '),
('G0397', 'Alcohol and/or Substance (other than tobacco) Abuse Structured Assessment and Intervention Services '),
('G0406', 'Follow-up Inpatient Telehealth Consultations Furnished to Beneficiaries in Hospitals or SNFs'),
('G0407', 'Follow-up Inpatient Telehealth Consultations Furnished to Beneficiaries in Hospitals or SNFs'),
('G0408', 'Follow-up Inpatient Telehealth Consultations Furnished to Beneficiaries in Hospitals or SNFs'),
('G0420', 'Individual and Group Kidney Disease Education Services '),
('G0421', 'Individual and Group Kidney Disease Education Services '),
('G0425', 'Telehealth Consultations, Emergency Department or Initial Inpatient '),
('G0426', 'Telehealth Consultations, Emergency Department or Initial Inpatient '),
('G0427', 'Telehealth Consultations, Emergency Department or Initial Inpatient '),
('G0436', 'Smoking Cessation Services '),
('G0437', 'Smoking Cessation Services '),
('G0438', 'Annual Wellness Visit, includes a personalized prevention plan of service (PPPS) first visit'),
('G0439', 'Annual Wellness Visit, includes a personalized prevention plan of service (PPPS) subsequent visit'),
('G0442', 'Annual Alcohol Misuse Screening, 15 Minutes '),
('G0443', 'Brief Face-to-Face Behavioral Counseling for Alcohol Misuse, 15 Minutes'),
('G0444', 'Annual Depression Screening, 15 Minutes '),
('G0445', 'High-Intensity Behavioral Counseling to Prevent Sexually Transmitted Infection; Face-to-Face, Individual, Includes:  education, skills training and guidance on how to change sexual behavior; performed semi-annually, 30 Minutes '),
('G0446', 'Annual, Face-to-Face Intensive Behavioral Therapy for Cardiovascular Disease, Individual, 15 Minutes'),
('G0447', 'Face-to-Face Behavioral Counseling for Obesity, 15 Minutes '),
('G0459', 'Inpatient Pharmacologic Management'),
('Q3014', 'Telehealth originating site facility fee'),
('T1014', 'Telehealth transmission, per minute, professional services bill separately'),
('T1015', 'Consulting Site Code ');

-- --------------------------------------------------------

--
-- Table structure for table `coverage`
--

CREATE TABLE IF NOT EXISTS `coverage` (
  `cov_id` int(11) NOT NULL,
  `coverage` varchar(255) NOT NULL,
  `p_id` int(11) NOT NULL,
  `code` varchar(255) NOT NULL
) ENGINE=InnoDB AUTO_INCREMENT=1342 DEFAULT CHARSET=latin1;

--
-- Dumping data for table `coverage`
--

INSERT INTO `coverage` (`cov_id`, `coverage`, `p_id`, `code`) VALUES
(1, '0', 1, '90785'),
(2, '0', 2, '90785'),
(3, '0', 3, '90785'),
(4, '0', 4, '90785'),
(5, '0', 5, '90785'),
(6, '0', 6, '90785'),
(7, '0', 7, '90785'),
(8, '1', 8, '90785'),
(9, '0', 9, '90785'),
(10, '2', 1, '90791'),
(11, '1', 2, '90791'),
(12, '1', 3, '90791'),
(13, '0', 4, '90791'),
(14, '0', 5, '90791'),
(15, '1', 6, '90791'),
(16, '0', 7, '90791'),
(17, '1', 8, '90791'),
(18, '1', 9, '90791'),
(19, '2', 1, '90792'),
(20, '1', 2, '90792'),
(21, '1', 3, '90792'),
(22, '1', 4, '90792'),
(23, '1', 5, '90792'),
(24, '1', 6, '90792'),
(25, '0', 7, '90792'),
(26, '1', 8, '90792'),
(27, '1', 9, '90792'),
(28, '2', 1, '90832'),
(29, '1', 2, '90832'),
(30, '1', 3, '90832'),
(31, '0', 4, '90832'),
(32, '0', 5, '90832'),
(33, '1', 6, '90832'),
(34, '0', 7, '90832'),
(35, '1', 8, '90832'),
(36, '1', 9, '90832'),
(37, '2', 1, '90833'),
(38, '1', 2, '90833'),
(39, '1', 3, '90833'),
(40, '0', 4, '90833'),
(41, '0', 5, '90833'),
(42, '1', 6, '90833'),
(43, '0', 7, '90833'),
(44, '1', 8, '90833'),
(45, '1', 9, '90833'),
(46, '2', 1, '90834'),
(47, '1', 2, '90834'),
(48, '1', 3, '90834'),
(49, '0', 4, '90834'),
(50, '0', 5, '90834'),
(51, '1', 6, '90834'),
(52, '0', 7, '90834'),
(53, '1', 8, '90834'),
(54, '1', 9, '90834'),
(55, '2', 1, '90836'),
(56, '1', 2, '90836'),
(57, '1', 3, '90836'),
(58, '0', 4, '90836'),
(59, '0', 5, '90836'),
(60, '1', 6, '90836'),
(61, '0', 7, '90836'),
(62, '1', 8, '90836'),
(63, '1', 9, '90836'),
(64, '2', 1, '90837'),
(65, '1', 2, '90837'),
(66, '1', 3, '90837'),
(67, '0', 4, '90837'),
(68, '0', 5, '90837'),
(69, '1', 6, '90837'),
(70, '0', 7, '90837'),
(71, '1', 8, '90837'),
(72, '1', 9, '90837'),
(73, '2', 1, '90838'),
(74, '1', 2, '90838'),
(75, '1', 3, '90838'),
(76, '0', 4, '90838'),
(77, '0', 5, '90838'),
(78, '1', 6, '90838'),
(79, '0', 7, '90838'),
(80, '1', 8, '90838'),
(81, '1', 9, '90838'),
(82, '0', 1, '90839'),
(83, '0', 2, '90839'),
(84, '0', 3, '90839'),
(85, '0', 4, '90839'),
(86, '0', 5, '90839'),
(87, '0', 6, '90839'),
(88, '0', 7, '90839'),
(89, '0', 8, '90839'),
(90, '0', 9, '90839'),
(91, '0', 1, '90840'),
(92, '0', 2, '90840'),
(93, '0', 3, '90840'),
(94, '0', 4, '90840'),
(95, '0', 5, '90840'),
(96, '0', 6, '90840'),
(97, '0', 7, '90840'),
(98, '0', 8, '90840'),
(99, '0', 9, '90840'),
(100, '2', 1, '90845'),
(101, '0', 2, '90845'),
(102, '0', 3, '90845'),
(103, '0', 4, '90845'),
(104, '0', 5, '90845'),
(105, '1', 6, '90845'),
(106, '0', 7, '90845'),
(107, '0', 8, '90845'),
(108, '0', 9, '90845'),
(109, '2', 1, '90846'),
(110, '0', 2, '90846'),
(111, '0', 3, '90846'),
(112, '0', 4, '90846'),
(113, '0', 5, '90846'),
(114, '1', 6, '90846'),
(115, '0', 7, '90846'),
(116, '1', 8, '90846'),
(117, '0', 9, '90846'),
(118, '2', 1, '90847'),
(119, '0', 2, '90847'),
(120, '0', 3, '90847'),
(121, '0', 4, '90847'),
(122, '0', 5, '90847'),
(123, '1', 6, '90847'),
(124, '0', 7, '90847'),
(125, '1', 8, '90847'),
(126, '0', 9, '90847'),
(127, '0', 1, '90853'),
(128, '0', 2, '90853'),
(129, '0', 3, '90853'),
(130, '0', 4, '90853'),
(131, '0', 5, '90853'),
(132, '0', 6, '90853'),
(133, '0', 7, '90853'),
(134, '1', 8, '90853'),
(135, '0', 9, '90853'),
(136, '0', 1, '90863'),
(137, '1', 2, '90863'),
(138, '1', 3, '90863'),
(139, '0', 4, '90863'),
(140, '0', 5, '90863'),
(141, '0', 6, '90863'),
(142, '0', 7, '90863'),
(143, '0', 8, '90863'),
(144, '1', 9, '90863'),
(145, '2', 1, '90951'),
(146, '0', 2, '90951'),
(147, '0', 3, '90951'),
(148, '0', 4, '90951'),
(149, '0', 5, '90951'),
(150, '1', 6, '90951'),
(151, '0', 7, '90951'),
(152, '1', 8, '90951'),
(153, '0', 9, '90951'),
(154, '2', 1, '90952'),
(155, '0', 2, '90952'),
(156, '0', 3, '90952'),
(157, '0', 4, '90952'),
(158, '0', 5, '90952'),
(159, '1', 6, '90952'),
(160, '0', 7, '90952'),
(161, '1', 8, '90952'),
(162, '0', 9, '90952'),
(163, '2', 1, '90954'),
(164, '0', 2, '90954'),
(165, '0', 3, '90954'),
(166, '0', 4, '90954'),
(167, '0', 5, '90954'),
(168, '1', 6, '90954'),
(169, '0', 7, '90954'),
(170, '1', 8, '90954'),
(171, '0', 9, '90954'),
(172, '2', 1, '90955'),
(173, '0', 2, '90955'),
(174, '0', 3, '90955'),
(175, '0', 4, '90955'),
(176, '0', 5, '90955'),
(177, '1', 6, '90955'),
(178, '0', 7, '90955'),
(179, '1', 8, '90955'),
(180, '0', 9, '90955'),
(181, '2', 1, '90957'),
(182, '0', 2, '90957'),
(183, '0', 3, '90957'),
(184, '0', 4, '90957'),
(185, '0', 5, '90957'),
(186, '1', 6, '90957'),
(187, '0', 7, '90957'),
(188, '1', 8, '90957'),
(189, '0', 9, '90957'),
(190, '2', 1, '90958'),
(191, '0', 2, '90958'),
(192, '0', 3, '90958'),
(193, '0', 4, '90958'),
(194, '0', 5, '90958'),
(195, '1', 6, '90958'),
(196, '0', 7, '90958'),
(197, '1', 8, '90958'),
(198, '0', 9, '90958'),
(199, '2', 1, '90960'),
(200, '0', 2, '90960'),
(201, '0', 3, '90960'),
(202, '0', 4, '90960'),
(203, '0', 5, '90960'),
(204, '1', 6, '90960'),
(205, '0', 7, '90960'),
(206, '1', 8, '90960'),
(207, '0', 9, '90960'),
(208, '2', 1, '90961'),
(209, '0', 2, '90961'),
(210, '0', 3, '90961'),
(211, '0', 4, '90961'),
(212, '0', 5, '90961'),
(213, '1', 6, '90961'),
(214, '0', 7, '90961'),
(215, '1', 8, '90961'),
(216, '0', 9, '90961'),
(217, '2', 1, '90963'),
(218, '0', 2, '90963'),
(219, '0', 3, '90963'),
(220, '0', 4, '90963'),
(221, '0', 5, '90963'),
(222, '1', 6, '90963'),
(223, '0', 7, '90963'),
(224, '1', 8, '90963'),
(225, '0', 9, '90963'),
(226, '2', 1, '90964'),
(227, '0', 2, '90964'),
(228, '0', 3, '90964'),
(229, '0', 4, '90964'),
(230, '0', 5, '90964'),
(231, '1', 6, '90964'),
(232, '0', 7, '90964'),
(233, '1', 8, '90964'),
(234, '0', 9, '90964'),
(235, '2', 1, '90965'),
(236, '0', 2, '90965'),
(237, '0', 3, '90965'),
(238, '0', 4, '90965'),
(239, '0', 5, '90965'),
(240, '1', 6, '90965'),
(241, '0', 7, '90965'),
(242, '1', 8, '90965'),
(243, '0', 9, '90965'),
(244, '2', 1, '90966'),
(245, '0', 2, '90966'),
(246, '0', 3, '90966'),
(247, '0', 4, '90966'),
(248, '0', 5, '90966'),
(249, '1', 6, '90966'),
(250, '0', 7, '90966'),
(251, '1', 8, '90966'),
(252, '0', 9, '90966'),
(253, '0', 1, '93010'),
(254, '1', 2, '93010'),
(255, '0', 3, '93010'),
(256, '0', 4, '93010'),
(257, '0', 5, '93010'),
(258, '0', 6, '93010'),
(259, '0', 7, '93010'),
(260, '0', 8, '93010'),
(261, '0', 9, '93010'),
(262, '0', 1, '93012'),
(263, '0', 2, '93012'),
(264, '0', 3, '93012'),
(265, '0', 4, '93012'),
(266, '0', 5, '93012'),
(267, '0', 6, '93012'),
(268, '0', 7, '93012'),
(269, '0', 8, '93012'),
(270, '0', 9, '93012'),
(271, '0', 1, '93014'),
(272, '0', 2, '93014'),
(273, '0', 3, '93014'),
(274, '0', 4, '93014'),
(275, '0', 5, '93014'),
(276, '0', 6, '93014'),
(277, '0', 7, '93014'),
(278, '0', 8, '93014'),
(279, '0', 9, '93014'),
(280, '0', 1, '93307'),
(281, '1', 2, '93307'),
(282, '0', 3, '93307'),
(283, '0', 4, '93307'),
(284, '0', 5, '93307'),
(285, '0', 6, '93307'),
(286, '0', 7, '93307'),
(287, '0', 8, '93307'),
(288, '0', 9, '93307'),
(289, '0', 1, '93308'),
(290, '1', 2, '93308'),
(291, '0', 3, '93308'),
(292, '0', 4, '93308'),
(293, '0', 5, '93308'),
(294, '0', 6, '93308'),
(295, '0', 7, '93308'),
(296, '0', 8, '93308'),
(297, '0', 9, '93308'),
(298, '0', 1, '93320'),
(299, '1', 2, '93320'),
(300, '0', 3, '93320'),
(301, '0', 4, '93320'),
(302, '0', 5, '93320'),
(303, '0', 6, '93320'),
(304, '0', 7, '93320'),
(305, '0', 8, '93320'),
(306, '0', 9, '93320'),
(307, '0', 1, '93321'),
(308, '1', 2, '93321'),
(309, '0', 3, '93321'),
(310, '0', 4, '93321'),
(311, '0', 5, '93321'),
(312, '0', 6, '93321'),
(313, '0', 7, '93321'),
(314, '0', 8, '93321'),
(315, '0', 9, '93321'),
(316, '0', 1, '93325'),
(317, '1', 2, '93325'),
(318, '0', 3, '93325'),
(319, '0', 4, '93325'),
(320, '0', 5, '93325'),
(321, '0', 6, '93325'),
(322, '0', 7, '93325'),
(323, '0', 8, '93325'),
(324, '0', 9, '93325'),
(325, '0', 1, '93733'),
(326, '0', 2, '93733'),
(327, '0', 3, '93733'),
(328, '0', 4, '93733'),
(329, '0', 5, '93733'),
(330, '0', 6, '93733'),
(331, '0', 7, '93733'),
(332, '0', 8, '93733'),
(333, '0', 9, '93733'),
(334, '0', 1, '93736'),
(335, '0', 2, '93736'),
(336, '0', 3, '93736'),
(337, '0', 4, '93736'),
(338, '0', 5, '93736'),
(339, '0', 6, '93736'),
(340, '0', 7, '93736'),
(341, '0', 8, '93736'),
(342, '0', 9, '93736'),
(343, '0', 1, '96101'),
(344, '0', 2, '96101'),
(345, '1', 3, '96101'),
(346, '0', 4, '96101'),
(347, '0', 5, '96101'),
(348, '0', 6, '96101'),
(349, '0', 7, '96101'),
(350, '0', 8, '96101'),
(351, '0', 9, '96101'),
(352, '2', 1, '96116'),
(353, '1', 2, '96116'),
(354, '1', 3, '96116'),
(355, '0', 4, '96116'),
(356, '1', 5, '96116'),
(357, '1', 6, '96116'),
(358, '0', 7, '96116'),
(359, '1', 8, '96116'),
(360, '0', 9, '96116'),
(361, '0', 1, '96118'),
(362, '0', 2, '96118'),
(363, '1', 3, '96118'),
(364, '0', 4, '96118'),
(365, '0', 5, '96118'),
(366, '0', 6, '96118'),
(367, '0', 7, '96118'),
(368, '0', 8, '96118'),
(369, '0', 9, '96118'),
(370, '2', 1, '96150'),
(371, '0', 2, '96150'),
(372, '0', 3, '96150'),
(373, '0', 4, '96150'),
(374, '0', 5, '96150'),
(375, '1', 6, '96150'),
(376, '0', 7, '96150'),
(377, '1', 8, '96150'),
(378, '0', 9, '96150'),
(379, '2', 1, '96151'),
(380, '0', 2, '96151'),
(381, '0', 3, '96151'),
(382, '0', 4, '96151'),
(383, '0', 5, '96151'),
(384, '1', 6, '96151'),
(385, '0', 7, '96151'),
(386, '1', 8, '96151'),
(387, '0', 9, '96151'),
(388, '2', 1, '96152'),
(389, '0', 2, '96152'),
(390, '0', 3, '96152'),
(391, '0', 4, '96152'),
(392, '0', 5, '96152'),
(393, '1', 6, '96152'),
(394, '0', 7, '96152'),
(395, '1', 8, '96152'),
(396, '0', 9, '96152'),
(397, '2', 1, '96153'),
(398, '0', 2, '96153'),
(399, '0', 3, '96153'),
(400, '0', 4, '96153'),
(401, '0', 5, '96153'),
(402, '1', 6, '96153'),
(403, '0', 7, '96153'),
(404, '1', 8, '96153'),
(405, '0', 9, '96153'),
(406, '2', 1, '96154'),
(407, '0', 2, '96154'),
(408, '0', 3, '96154'),
(409, '0', 4, '96154'),
(410, '0', 5, '96154'),
(411, '1', 6, '96154'),
(412, '0', 7, '96154'),
(413, '1', 8, '96154'),
(414, '0', 9, '96154'),
(415, '2', 1, '97802'),
(416, '0', 2, '97802'),
(417, '0', 3, '97802'),
(418, '0', 4, '97802'),
(419, '0', 5, '97802'),
(420, '1', 6, '97802'),
(421, '0', 7, '97802'),
(422, '1', 8, '97802'),
(423, '0', 9, '97802'),
(424, '2', 1, '97803'),
(425, '0', 2, '97803'),
(426, '0', 3, '97803'),
(427, '0', 4, '97803'),
(428, '0', 5, '97803'),
(429, '1', 6, '97803'),
(430, '0', 7, '97803'),
(431, '1', 8, '97803'),
(432, '0', 9, '97803'),
(433, '2', 1, '97804'),
(434, '0', 2, '97804'),
(435, '0', 3, '97804'),
(436, '0', 4, '97804'),
(437, '0', 5, '97804'),
(438, '1', 6, '97804'),
(439, '0', 7, '97804'),
(440, '1', 8, '97804'),
(441, '0', 9, '97804'),
(442, '0', 1, '98966'),
(443, '0', 2, '98966'),
(444, '0', 3, '98966'),
(445, '0', 4, '98966'),
(446, '0', 5, '98966'),
(447, '0', 6, '98966'),
(448, '0', 7, '98966'),
(449, '0', 8, '98966'),
(450, '0', 9, '98966'),
(451, '0', 1, '98967'),
(452, '0', 2, '98967'),
(453, '0', 3, '98967'),
(454, '0', 4, '98967'),
(455, '0', 5, '98967'),
(456, '0', 6, '98967'),
(457, '0', 7, '98967'),
(458, '0', 8, '98967'),
(459, '0', 9, '98967'),
(460, '0', 1, '98968'),
(461, '0', 2, '98968'),
(462, '0', 3, '98968'),
(463, '0', 4, '98968'),
(464, '0', 5, '98968'),
(465, '0', 6, '98968'),
(466, '0', 7, '98968'),
(467, '0', 8, '98968'),
(468, '0', 9, '98968'),
(469, '0', 1, '98969'),
(470, '0', 2, '98969'),
(471, '0', 3, '98969'),
(472, '0', 4, '98969'),
(473, '0', 5, '98969'),
(474, '0', 6, '98969'),
(475, '0', 7, '98969'),
(476, '0', 8, '98969'),
(477, '0', 9, '98969'),
(478, '0', 1, '99075'),
(479, '0', 2, '99075'),
(480, '0', 3, '99075'),
(481, '0', 4, '99075'),
(482, '0', 5, '99075'),
(483, '0', 6, '99075'),
(484, '0', 7, '99075'),
(485, '0', 8, '99075'),
(486, '0', 9, '99075'),
(487, '0', 1, '99078'),
(488, '0', 2, '99078'),
(489, '0', 3, '99078'),
(490, '0', 4, '99078'),
(491, '0', 5, '99078'),
(492, '0', 6, '99078'),
(493, '0', 7, '99078'),
(494, '0', 8, '99078'),
(495, '0', 9, '99078'),
(496, '0', 1, '99080'),
(497, '0', 2, '99080'),
(498, '0', 3, '99080'),
(499, '0', 4, '99080'),
(500, '0', 5, '99080'),
(501, '0', 6, '99080'),
(502, '0', 7, '99080'),
(503, '0', 8, '99080'),
(504, '0', 9, '99080'),
(505, '0', 1, '99082'),
(506, '0', 2, '99082'),
(507, '0', 3, '99082'),
(508, '0', 4, '99082'),
(509, '0', 5, '99082'),
(510, '0', 6, '99082'),
(511, '0', 7, '99082'),
(512, '0', 8, '99082'),
(513, '0', 9, '99082'),
(514, '0', 1, '99090'),
(515, '0', 2, '99090'),
(516, '0', 3, '99090'),
(517, '0', 4, '99090'),
(518, '0', 5, '99090'),
(519, '0', 6, '99090'),
(520, '0', 7, '99090'),
(521, '0', 8, '99090'),
(522, '0', 9, '99090'),
(523, '0', 1, '99091'),
(524, '0', 2, '99091'),
(525, '0', 3, '99091'),
(526, '0', 4, '99091'),
(527, '0', 5, '99091'),
(528, '0', 6, '99091'),
(529, '0', 7, '99091'),
(530, '0', 8, '99091'),
(531, '0', 9, '99091'),
(532, '2', 1, '99201'),
(533, '1', 2, '99201'),
(534, '1', 3, '99201'),
(535, '0', 4, '99201'),
(536, '0', 5, '99201'),
(537, '1', 6, '99201'),
(538, '0', 7, '99201'),
(539, '1', 8, '99201'),
(540, '1', 9, '99201'),
(541, '2', 1, '99202'),
(542, '1', 2, '99202'),
(543, '1', 3, '99202'),
(544, '0', 4, '99202'),
(545, '0', 5, '99202'),
(546, '1', 6, '99202'),
(547, '0', 7, '99202'),
(548, '1', 8, '99202'),
(549, '1', 9, '99202'),
(550, '2', 1, '99203'),
(551, '1', 2, '99203'),
(552, '1', 3, '99203'),
(553, '0', 4, '99203'),
(554, '0', 5, '99203'),
(555, '1', 6, '99203'),
(556, '0', 7, '99203'),
(557, '1', 8, '99203'),
(558, '1', 9, '99203'),
(559, '2', 1, '99204'),
(560, '1', 2, '99204'),
(561, '1', 3, '99204'),
(562, '0', 4, '99204'),
(563, '0', 5, '99204'),
(564, '1', 6, '99204'),
(565, '0', 7, '99204'),
(566, '1', 8, '99204'),
(567, '1', 9, '99204'),
(568, '2', 1, '99205'),
(569, '1', 2, '99205'),
(570, '1', 3, '99205'),
(571, '0', 4, '99205'),
(572, '0', 5, '99205'),
(573, '1', 6, '99205'),
(574, '0', 7, '99205'),
(575, '1', 8, '99205'),
(576, '1', 9, '99205'),
(577, '2', 1, '99211'),
(578, '1', 2, '99211'),
(579, '1', 3, '99211'),
(580, '0', 4, '99211'),
(581, '0', 5, '99211'),
(582, '1', 6, '99211'),
(583, '0', 7, '99211'),
(584, '1', 8, '99211'),
(585, '1', 9, '99211'),
(586, '2', 1, '99212'),
(587, '1', 2, '99212'),
(588, '1', 3, '99212'),
(589, '0', 4, '99212'),
(590, '0', 5, '99212'),
(591, '1', 6, '99212'),
(592, '0', 7, '99212'),
(593, '1', 8, '99212'),
(594, '1', 9, '99212'),
(595, '2', 1, '99213'),
(596, '1', 2, '99213'),
(597, '1', 3, '99213'),
(598, '1', 4, '99213'),
(599, '0', 5, '99213'),
(600, '1', 6, '99213'),
(601, '0', 7, '99213'),
(602, '1', 8, '99213'),
(603, '1', 9, '99213'),
(604, '2', 1, '99214'),
(605, '1', 2, '99214'),
(606, '1', 3, '99214'),
(607, '1', 4, '99214'),
(608, '0', 5, '99214'),
(609, '1', 6, '99214'),
(610, '0', 7, '99214'),
(611, '1', 8, '99214'),
(612, '1', 9, '99214'),
(613, '2', 1, '99215'),
(614, '1', 2, '99215'),
(615, '1', 3, '99215'),
(616, '1', 4, '99215'),
(617, '0', 5, '99215'),
(618, '1', 6, '99215'),
(619, '0', 7, '99215'),
(620, '1', 8, '99215'),
(621, '1', 9, '99215'),
(622, '0', 1, '99221'),
(623, '0', 2, '99221'),
(624, '0', 3, '99221'),
(625, '0', 4, '99221'),
(626, '0', 5, '99221'),
(627, '0', 6, '99221'),
(628, '0', 7, '99221'),
(629, '0', 8, '99221'),
(630, '0', 9, '99221'),
(631, '0', 1, '99222'),
(632, '0', 2, '99222'),
(633, '0', 3, '99222'),
(634, '0', 4, '99222'),
(635, '0', 5, '99222'),
(636, '0', 6, '99222'),
(637, '0', 7, '99222'),
(638, '0', 8, '99222'),
(639, '0', 9, '99222'),
(640, '0', 1, '99223'),
(641, '0', 2, '99223'),
(642, '0', 3, '99223'),
(643, '0', 4, '99223'),
(644, '0', 5, '99223'),
(645, '0', 6, '99223'),
(646, '0', 7, '99223'),
(647, '0', 8, '99223'),
(648, '0', 9, '99223'),
(649, '2', 1, '99231'),
(650, '0', 2, '99231'),
(651, '0', 3, '99231'),
(652, '0', 4, '99231'),
(653, '0', 5, '99231'),
(654, '1', 6, '99231'),
(655, '0', 7, '99231'),
(656, '1', 8, '99231'),
(657, '0', 9, '99231'),
(658, '2', 1, '99232'),
(659, '0', 2, '99232'),
(660, '0', 3, '99232'),
(661, '0', 4, '99232'),
(662, '0', 5, '99232'),
(663, '1', 6, '99232'),
(664, '0', 7, '99232'),
(665, '1', 8, '99232'),
(666, '0', 9, '99232'),
(667, '2', 1, '99233'),
(668, '0', 2, '99233'),
(669, '0', 3, '99233'),
(670, '0', 4, '99233'),
(671, '0', 5, '99233'),
(672, '1', 6, '99233'),
(673, '0', 7, '99233'),
(674, '1', 8, '99233'),
(675, '0', 9, '99233'),
(676, '2', 1, '99241'),
(677, '0', 2, '99241'),
(678, '1', 3, '99241'),
(679, '0', 4, '99241'),
(680, '1', 5, '99241'),
(681, '1', 6, '99241'),
(682, '0', 7, '99241'),
(683, '1', 8, '99241'),
(684, '1', 9, '99241'),
(685, '2', 1, '99242'),
(686, '0', 2, '99242'),
(687, '1', 3, '99242'),
(688, '0', 4, '99242'),
(689, '1', 5, '99242'),
(690, '1', 6, '99242'),
(691, '0', 7, '99242'),
(692, '1', 8, '99242'),
(693, '1', 9, '99242'),
(694, '2', 1, '99243'),
(695, '0', 2, '99243'),
(696, '1', 3, '99243'),
(697, '0', 4, '99243'),
(698, '1', 5, '99243'),
(699, '1', 6, '99243'),
(700, '0', 7, '99243'),
(701, '1', 8, '99243'),
(702, '1', 9, '99243'),
(703, '2', 1, '99244'),
(704, '0', 2, '99244'),
(705, '1', 3, '99244'),
(706, '0', 4, '99244'),
(707, '1', 5, '99244'),
(708, '1', 6, '99244'),
(709, '0', 7, '99244'),
(710, '1', 8, '99244'),
(711, '1', 9, '99244'),
(712, '2', 1, '99245'),
(713, '0', 2, '99245'),
(714, '1', 3, '99245'),
(715, '0', 4, '99245'),
(716, '1', 5, '99245'),
(717, '1', 6, '99245'),
(718, '0', 7, '99245'),
(719, '1', 8, '99245'),
(720, '1', 9, '99245'),
(721, '2', 1, '99251'),
(722, '1', 2, '99251'),
(723, '1', 3, '99251'),
(724, '0', 4, '99251'),
(725, '1', 5, '99251'),
(726, '1', 6, '99251'),
(727, '0', 7, '99251'),
(728, '1', 8, '99251'),
(729, '1', 9, '99251'),
(730, '2', 1, '99252'),
(731, '1', 2, '99252'),
(732, '1', 3, '99252'),
(733, '0', 4, '99252'),
(734, '1', 5, '99252'),
(735, '1', 6, '99252'),
(736, '0', 7, '99252'),
(737, '1', 8, '99252'),
(738, '1', 9, '99252'),
(739, '2', 1, '99253'),
(740, '1', 2, '99253'),
(741, '1', 3, '99253'),
(742, '0', 4, '99253'),
(743, '1', 5, '99253'),
(744, '1', 6, '99253'),
(745, '0', 7, '99253'),
(746, '1', 8, '99253'),
(747, '1', 9, '99253'),
(748, '2', 1, '99254'),
(749, '1', 2, '99254'),
(750, '1', 3, '99254'),
(751, '0', 4, '99254'),
(752, '1', 5, '99254'),
(753, '1', 6, '99254'),
(754, '0', 7, '99254'),
(755, '1', 8, '99254'),
(756, '1', 9, '99254'),
(757, '2', 1, '99255'),
(758, '1', 2, '99255'),
(759, '1', 3, '99255'),
(760, '0', 4, '99255'),
(761, '1', 5, '99255'),
(762, '1', 6, '99255'),
(763, '0', 7, '99255'),
(764, '1', 8, '99255'),
(765, '1', 9, '99255'),
(766, '0', 1, '99291/0188T'),
(767, '0', 2, '99291/0188T'),
(768, '0', 3, '99291/0188T'),
(769, '0', 4, '99291/0188T'),
(770, '0', 5, '99291/0188T'),
(771, '0', 6, '99291/0188T'),
(772, '0', 7, '99291/0188T'),
(773, '1', 8, '99291/0188T'),
(774, '0', 9, '99291/0188T'),
(775, '0', 1, '99292/0189T'),
(776, '0', 2, '99292/0189T'),
(777, '0', 3, '99292/0189T'),
(778, '0', 4, '99292/0189T'),
(779, '0', 5, '99292/0189T'),
(780, '0', 6, '99292/0189T'),
(781, '0', 7, '99292/0189T'),
(782, '1', 8, '99292/0189T'),
(783, '0', 9, '99292/0189T'),
(784, '2', 1, '99307'),
(785, '0', 2, '99307'),
(786, '0', 3, '99307'),
(787, '0', 4, '99307'),
(788, '0', 5, '99307'),
(789, '1', 6, '99307'),
(790, '0', 7, '99307'),
(791, '1', 8, '99307'),
(792, '0', 9, '99307'),
(793, '2', 1, '99308'),
(794, '0', 2, '99308'),
(795, '0', 3, '99308'),
(796, '0', 4, '99308'),
(797, '0', 5, '99308'),
(798, '1', 6, '99308'),
(799, '0', 7, '99308'),
(800, '1', 8, '99308'),
(801, '0', 9, '99308'),
(802, '2', 1, '99309'),
(803, '0', 2, '99309'),
(804, '0', 3, '99309'),
(805, '0', 4, '99309'),
(806, '0', 5, '99309'),
(807, '1', 6, '99309'),
(808, '0', 7, '99309'),
(809, '1', 8, '99309'),
(810, '0', 9, '99309'),
(811, '2', 1, '99310'),
(812, '0', 2, '99310'),
(813, '0', 3, '99310'),
(814, '0', 4, '99310'),
(815, '0', 5, '99310'),
(816, '1', 6, '99310'),
(817, '0', 7, '99310'),
(818, '1', 8, '99310'),
(819, '0', 9, '99310'),
(820, '2', 1, '99354'),
(821, '0', 2, '99354'),
(822, '0', 3, '99354'),
(823, '0', 4, '99354'),
(824, '0', 5, '99354'),
(825, '1', 6, '99354'),
(826, '0', 7, '99354'),
(827, '1', 8, '99354'),
(828, '0', 9, '99354'),
(829, '2', 1, '99355'),
(830, '0', 2, '99355'),
(831, '0', 3, '99355'),
(832, '0', 4, '99355'),
(833, '0', 5, '99355'),
(834, '1', 6, '99355'),
(835, '0', 7, '99355'),
(836, '1', 8, '99355'),
(837, '0', 9, '99355'),
(838, '2', 1, '99356'),
(839, '0', 2, '99356'),
(840, '0', 3, '99356'),
(841, '0', 4, '99356'),
(842, '0', 5, '99356'),
(843, '1', 6, '99356'),
(844, '0', 7, '99356'),
(845, '1', 8, '99356'),
(846, '0', 9, '99356'),
(847, '2', 1, '99357'),
(848, '0', 2, '99357'),
(849, '0', 3, '99357'),
(850, '0', 4, '99357'),
(851, '0', 5, '99357'),
(852, '1', 6, '99357'),
(853, '0', 7, '99357'),
(854, '1', 8, '99357'),
(855, '0', 9, '99357'),
(856, '2', 1, '99406'),
(857, '0', 2, '99406'),
(858, '0', 3, '99406'),
(859, '0', 4, '99406'),
(860, '0', 5, '99406'),
(861, '1', 6, '99406'),
(862, '0', 7, '99406'),
(863, '1', 8, '99406'),
(864, '0', 9, '99406'),
(865, '2', 1, '99407'),
(866, '0', 2, '99407'),
(867, '0', 3, '99407'),
(868, '0', 4, '99407'),
(869, '0', 5, '99407'),
(870, '1', 6, '99407'),
(871, '0', 7, '99407'),
(872, '1', 8, '99407'),
(873, '0', 9, '99407'),
(874, '2', 1, 'G0436'),
(875, '0', 2, 'G0436'),
(876, '0', 3, 'G0436'),
(877, '0', 4, 'G0436'),
(878, '0', 5, 'G0436'),
(879, '1', 6, 'G0436'),
(880, '0', 7, 'G0436'),
(881, '1', 8, 'G0436'),
(882, '0', 9, 'G0436'),
(883, '2', 1, 'G0437'),
(884, '0', 2, 'G0437'),
(885, '0', 3, 'G0437'),
(886, '0', 4, 'G0437'),
(887, '0', 5, 'G0437'),
(888, '1', 6, 'G0437'),
(889, '0', 7, 'G0437'),
(890, '1', 8, 'G0437'),
(891, '0', 9, 'G0437'),
(892, '0', 1, '94010-94070'),
(893, '0', 2, '94010-94070'),
(894, '0', 3, '94010-94070'),
(895, '0', 4, '94010-94070'),
(896, '0', 5, '94010-94070'),
(897, '0', 6, '94010-94070'),
(898, '0', 7, '94010-94070'),
(899, '0', 8, '94010-94070'),
(900, '0', 9, '94010-94070'),
(901, '0', 1, '99441'),
(902, '0', 2, '99441'),
(903, '0', 3, '99441'),
(904, '0', 4, '99441'),
(905, '0', 5, '99441'),
(906, '0', 6, '99441'),
(907, '0', 7, '99441'),
(908, '0', 8, '99441'),
(909, '0', 9, '99441'),
(910, '0', 1, '99442'),
(911, '0', 2, '99442'),
(912, '0', 3, '99442'),
(913, '0', 4, '99442'),
(914, '0', 5, '99442'),
(915, '0', 6, '99442'),
(916, '0', 7, '99442'),
(917, '0', 8, '99442'),
(918, '0', 9, '99442'),
(919, '0', 1, '99443'),
(920, '0', 2, '99443'),
(921, '0', 3, '99443'),
(922, '0', 4, '99443'),
(923, '0', 5, '99443'),
(924, '0', 6, '99443'),
(925, '0', 7, '99443'),
(926, '0', 8, '99443'),
(927, '0', 9, '99443'),
(928, '0', 1, '99444'),
(929, '0', 2, '99444'),
(930, '0', 3, '99444'),
(931, '0', 4, '99444'),
(932, '0', 5, '99444'),
(933, '0', 6, '99444'),
(934, '0', 7, '99444'),
(935, '0', 8, '99444'),
(936, '0', 9, '99444'),
(937, '0', 1, '99446'),
(938, '0', 2, '99446'),
(939, '0', 3, '99446'),
(940, '0', 4, '99446'),
(941, '0', 5, '99446'),
(942, '0', 6, '99446'),
(943, '0', 7, '99446'),
(944, '0', 8, '99446'),
(945, '0', 9, '99446'),
(946, '0', 1, '99447'),
(947, '0', 2, '99447'),
(948, '0', 3, '99447'),
(949, '0', 4, '99447'),
(950, '0', 5, '99447'),
(951, '0', 6, '99447'),
(952, '0', 7, '99447'),
(953, '0', 8, '99447'),
(954, '0', 9, '99447'),
(955, '0', 1, '99448'),
(956, '0', 2, '99448'),
(957, '0', 3, '99448'),
(958, '0', 4, '99448'),
(959, '0', 5, '99448'),
(960, '0', 6, '99448'),
(961, '0', 7, '99448'),
(962, '0', 8, '99448'),
(963, '0', 9, '99448'),
(964, '0', 1, '99449'),
(965, '0', 2, '99449'),
(966, '0', 3, '99449'),
(967, '0', 4, '99449'),
(968, '0', 5, '99449'),
(969, '0', 6, '99449'),
(970, '0', 7, '99449'),
(971, '0', 8, '99449'),
(972, '0', 9, '99449'),
(973, '2', 1, '99495'),
(974, '0', 2, '99495'),
(975, '0', 3, '99495'),
(976, '0', 4, '99495'),
(977, '0', 5, '99495'),
(978, '1', 6, '99495'),
(979, '0', 7, '99495'),
(980, '1', 8, '99495'),
(981, '0', 9, '99495'),
(982, '2', 1, '99496'),
(983, '0', 2, '99496'),
(984, '0', 3, '99496'),
(985, '0', 4, '99496'),
(986, '0', 5, '99496'),
(987, '1', 6, '99496'),
(988, '0', 7, '99496'),
(989, '1', 8, '99496'),
(990, '0', 9, '99496'),
(991, '2', 1, 'G0108'),
(992, '0', 2, 'G0108'),
(993, '0', 3, 'G0108'),
(994, '0', 4, 'G0108'),
(995, '0', 5, 'G0108'),
(996, '1', 6, 'G0108'),
(997, '0', 7, 'G0108'),
(998, '1', 8, 'G0108'),
(999, '0', 9, 'G0108'),
(1000, '2', 1, 'G0109'),
(1001, '0', 2, 'G0109'),
(1002, '0', 3, 'G0109'),
(1003, '0', 4, 'G0109'),
(1004, '0', 5, 'G0109'),
(1005, '1', 6, 'G0109'),
(1006, '0', 7, 'G0109'),
(1007, '1', 8, 'G0109'),
(1008, '0', 9, 'G0109'),
(1009, '2', 1, 'G0270'),
(1010, '0', 2, 'G0270'),
(1011, '0', 3, 'G0270'),
(1012, '0', 4, 'G0270'),
(1013, '0', 5, 'G0270'),
(1014, '1', 6, 'G0270'),
(1015, '0', 7, 'G0270'),
(1016, '1', 8, 'G0270'),
(1017, '0', 9, 'G0270'),
(1018, '0', 1, 'G0308'),
(1019, '0', 2, 'G0308'),
(1020, '0', 3, 'G0308'),
(1021, '0', 4, 'G0308'),
(1022, '0', 5, 'G0308'),
(1023, '0', 6, 'G0308'),
(1024, '0', 7, 'G0308'),
(1025, '0', 8, 'G0308'),
(1026, '1', 9, 'G0308'),
(1027, '0', 1, 'G0309'),
(1028, '0', 2, 'G0309'),
(1029, '0', 3, 'G0309'),
(1030, '0', 4, 'G0309'),
(1031, '0', 5, 'G0309'),
(1032, '0', 6, 'G0309'),
(1033, '0', 7, 'G0309'),
(1034, '0', 8, 'G0309'),
(1035, '1', 9, 'G0309'),
(1036, '0', 1, 'G0311'),
(1037, '0', 2, 'G0311'),
(1038, '0', 3, 'G0311'),
(1039, '0', 4, 'G0311'),
(1040, '0', 5, 'G0311'),
(1041, '0', 6, 'G0311'),
(1042, '0', 7, 'G0311'),
(1043, '0', 8, 'G0311'),
(1044, '1', 9, 'G0311'),
(1045, '0', 1, 'G0312'),
(1046, '0', 2, 'G0312'),
(1047, '0', 3, 'G0312'),
(1048, '0', 4, 'G0312'),
(1049, '0', 5, 'G0312'),
(1050, '0', 6, 'G0312'),
(1051, '0', 7, 'G0312'),
(1052, '0', 8, 'G0312'),
(1053, '1', 9, 'G0312'),
(1054, '0', 1, 'G0314'),
(1055, '0', 2, 'G0314'),
(1056, '0', 3, 'G0314'),
(1057, '0', 4, 'G0314'),
(1058, '0', 5, 'G0314'),
(1059, '0', 6, 'G0314'),
(1060, '0', 7, 'G0314'),
(1061, '0', 8, 'G0314'),
(1062, '1', 9, 'G0314'),
(1063, '0', 1, 'G0315'),
(1064, '0', 2, 'G0315'),
(1065, '0', 3, 'G0315'),
(1066, '0', 4, 'G0315'),
(1067, '0', 5, 'G0315'),
(1068, '0', 6, 'G0315'),
(1069, '0', 7, 'G0315'),
(1070, '0', 8, 'G0315'),
(1071, '1', 9, 'G0315'),
(1072, '0', 1, 'G0317'),
(1073, '0', 2, 'G0317'),
(1074, '0', 3, 'G0317'),
(1075, '0', 4, 'G0317'),
(1076, '0', 5, 'G0317'),
(1077, '0', 6, 'G0317'),
(1078, '0', 7, 'G0317'),
(1079, '0', 8, 'G0317'),
(1080, '1', 9, 'G0317'),
(1081, '0', 1, 'G0318'),
(1082, '0', 2, 'G0318'),
(1083, '0', 3, 'G0318'),
(1084, '0', 4, 'G0318'),
(1085, '0', 5, 'G0318'),
(1086, '0', 6, 'G0318'),
(1087, '0', 7, 'G0318'),
(1088, '0', 8, 'G0318'),
(1089, '1', 9, 'G0318'),
(1090, '2', 1, 'G0396'),
(1091, '0', 2, 'G0396'),
(1092, '0', 3, 'G0396'),
(1093, '0', 4, 'G0396'),
(1094, '0', 5, 'G0396'),
(1095, '1', 6, 'G0396'),
(1096, '0', 7, 'G0396'),
(1097, '0', 8, 'G0396'),
(1098, '0', 9, 'G0396'),
(1099, '2', 1, 'G0397'),
(1100, '0', 2, 'G0397'),
(1101, '0', 3, 'G0397'),
(1102, '0', 4, 'G0397'),
(1103, '0', 5, 'G0397'),
(1104, '1', 6, 'G0397'),
(1105, '0', 7, 'G0397'),
(1106, '0', 8, 'G0397'),
(1107, '0', 9, 'G0397'),
(1108, '2', 1, 'G0406'),
(1109, '0', 2, 'G0406'),
(1110, '0', 3, 'G0406'),
(1111, '0', 4, 'G0406'),
(1112, '0', 5, 'G0406'),
(1113, '1', 6, 'G0406'),
(1114, '0', 7, 'G0406'),
(1115, '1', 8, 'G0406'),
(1116, '0', 9, 'G0406'),
(1117, '2', 1, 'G0407'),
(1118, '0', 2, 'G0407'),
(1119, '0', 3, 'G0407'),
(1120, '0', 4, 'G0407'),
(1121, '0', 5, 'G0407'),
(1122, '1', 6, 'G0407'),
(1123, '0', 7, 'G0407'),
(1124, '1', 8, 'G0407'),
(1125, '0', 9, 'G0407'),
(1126, '2', 1, 'G0408'),
(1127, '0', 2, 'G0408'),
(1128, '0', 3, 'G0408'),
(1129, '0', 4, 'G0408'),
(1130, '0', 5, 'G0408'),
(1131, '1', 6, 'G0408'),
(1132, '0', 7, 'G0408'),
(1133, '1', 8, 'G0408'),
(1134, '0', 9, 'G0408'),
(1135, '2', 1, 'G0420'),
(1136, '0', 2, 'G0420'),
(1137, '0', 3, 'G0420'),
(1138, '0', 4, 'G0420'),
(1139, '0', 5, 'G0420'),
(1140, '1', 6, 'G0420'),
(1141, '0', 7, 'G0420'),
(1142, '1', 8, 'G0420'),
(1143, '0', 9, 'G0420'),
(1144, '2', 1, 'G0421'),
(1145, '0', 2, 'G0421'),
(1146, '0', 3, 'G0421'),
(1147, '0', 4, 'G0421'),
(1148, '0', 5, 'G0421'),
(1149, '1', 6, 'G0421'),
(1150, '0', 7, 'G0421'),
(1151, '1', 8, 'G0421'),
(1152, '0', 9, 'G0421'),
(1153, '2', 1, 'G0425'),
(1154, '0', 2, 'G0425'),
(1155, '0', 3, 'G0425'),
(1156, '0', 4, 'G0425'),
(1157, '0', 5, 'G0425'),
(1158, '1', 6, 'G0425'),
(1159, '0', 7, 'G0425'),
(1160, '1', 8, 'G0425'),
(1161, '0', 9, 'G0425'),
(1162, '2', 1, 'G0426'),
(1163, '0', 2, 'G0426'),
(1164, '0', 3, 'G0426'),
(1165, '0', 4, 'G0426'),
(1166, '0', 5, 'G0426'),
(1167, '1', 6, 'G0426'),
(1168, '0', 7, 'G0426'),
(1169, '1', 8, 'G0426'),
(1170, '0', 9, 'G0426'),
(1171, '2', 1, 'G0427'),
(1172, '0', 2, 'G0427'),
(1173, '0', 3, 'G0427'),
(1174, '0', 4, 'G0427'),
(1175, '0', 5, 'G0427'),
(1176, '1', 6, 'G0427'),
(1177, '0', 7, 'G0427'),
(1178, '1', 8, 'G0427'),
(1179, '0', 9, 'G0427'),
(1180, '2', 1, 'G0438'),
(1181, '0', 2, 'G0438'),
(1182, '0', 3, 'G0438'),
(1183, '0', 4, 'G0438'),
(1184, '0', 5, 'G0438'),
(1185, '1', 6, 'G0438'),
(1186, '0', 7, 'G0438'),
(1187, '1', 8, 'G0438'),
(1188, '0', 9, 'G0438'),
(1189, '2', 1, 'G0439'),
(1190, '0', 2, 'G0439'),
(1191, '0', 3, 'G0439'),
(1192, '0', 4, 'G0439'),
(1193, '0', 5, 'G0439'),
(1194, '1', 6, 'G0439'),
(1195, '0', 7, 'G0439'),
(1196, '1', 8, 'G0439'),
(1197, '0', 9, 'G0439'),
(1198, '2', 1, 'G0442'),
(1199, '0', 2, 'G0442'),
(1200, '0', 3, 'G0442'),
(1201, '0', 4, 'G0442'),
(1202, '0', 5, 'G0442'),
(1203, '1', 6, 'G0442'),
(1204, '0', 7, 'G0442'),
(1205, '1', 8, 'G0442'),
(1206, '0', 9, 'G0442'),
(1207, '2', 1, 'G0443'),
(1208, '0', 2, 'G0443'),
(1209, '0', 3, 'G0443'),
(1210, '0', 4, 'G0443'),
(1211, '0', 5, 'G0443'),
(1212, '1', 6, 'G0443'),
(1213, '0', 7, 'G0443'),
(1214, '1', 8, 'G0443'),
(1215, '0', 9, 'G0443'),
(1216, '2', 1, 'G0444'),
(1217, '0', 2, 'G0444'),
(1218, '0', 3, 'G0444'),
(1219, '0', 4, 'G0444'),
(1220, '0', 5, 'G0444'),
(1221, '1', 6, 'G0444'),
(1222, '0', 7, 'G0444'),
(1223, '1', 8, 'G0444'),
(1224, '0', 9, 'G0444'),
(1225, '2', 1, 'G0445'),
(1226, '0', 2, 'G0445'),
(1227, '0', 3, 'G0445'),
(1228, '0', 4, 'G0445'),
(1229, '0', 5, 'G0445'),
(1230, '0', 6, 'G0445'),
(1231, '0', 7, 'G0445'),
(1232, '1', 8, 'G0445'),
(1233, '0', 9, 'G0445'),
(1234, '2', 1, 'G0446'),
(1235, '0', 2, 'G0446'),
(1236, '0', 3, 'G0446'),
(1237, '0', 4, 'G0446'),
(1238, '0', 5, 'G0446'),
(1239, '1', 6, 'G0446'),
(1240, '0', 7, 'G0446'),
(1241, '1', 8, 'G0446'),
(1242, '0', 9, 'G0446'),
(1243, '2', 1, 'G0447'),
(1244, '0', 2, 'G0447'),
(1245, '0', 3, 'G0447'),
(1246, '0', 4, 'G0447'),
(1247, '0', 5, 'G0447'),
(1248, '1', 6, 'G0447'),
(1249, '0', 7, 'G0447'),
(1250, '1', 8, 'G0447'),
(1251, '0', 9, 'G0447'),
(1252, '2', 1, 'G0459'),
(1253, '0', 2, 'G0459'),
(1254, '0', 3, 'G0459'),
(1255, '0', 4, 'G0459'),
(1256, '0', 5, 'G0459'),
(1257, '1', 6, 'G0459'),
(1258, '0', 7, 'G0459'),
(1259, '1', 8, 'G0459'),
(1260, '0', 9, 'G0459'),
(1261, '0', 1, '96040'),
(1262, '0', 2, '96040'),
(1263, '0', 3, '96040'),
(1264, '0', 4, '96040'),
(1265, '0', 5, '96040'),
(1266, '1', 6, '96040'),
(1267, '0', 7, '96040'),
(1268, '0', 8, '96040'),
(1269, '0', 9, '96040'),
(1270, '0', 1, '98960'),
(1271, '0', 2, '98960'),
(1272, '0', 3, '98960'),
(1273, '0', 4, '98960'),
(1274, '0', 5, '98960'),
(1275, '1', 6, '98960'),
(1276, '0', 7, '98960'),
(1277, '0', 8, '98960'),
(1278, '0', 9, '98960'),
(1279, '0', 1, '98961'),
(1280, '0', 2, '98961'),
(1281, '0', 3, '98961'),
(1282, '0', 4, '98961'),
(1283, '0', 5, '98961'),
(1284, '1', 6, '98961'),
(1285, '0', 7, '98961'),
(1286, '0', 8, '98961'),
(1287, '0', 9, '98961'),
(1288, '0', 1, '98962'),
(1289, '0', 2, '98962'),
(1290, '0', 3, '98962'),
(1291, '0', 4, '98962'),
(1292, '0', 5, '98962'),
(1293, '1', 6, '98962'),
(1294, '0', 7, '98962'),
(1295, '0', 8, '98962'),
(1296, '0', 9, '98962'),
(1297, '0', 1, '99408'),
(1298, '0', 2, '99408'),
(1299, '0', 3, '99408'),
(1300, '0', 4, '99408'),
(1301, '0', 5, '99408'),
(1302, '1', 6, '99408'),
(1303, '0', 7, '99408'),
(1304, '1', 8, '99408'),
(1305, '0', 9, '99408'),
(1306, '0', 1, '99409'),
(1307, '0', 2, '99409'),
(1308, '0', 3, '99409'),
(1309, '0', 4, '99409'),
(1310, '0', 5, '99409'),
(1311, '1', 6, '99409'),
(1312, '0', 7, '99409'),
(1313, '1', 8, '99409'),
(1314, '0', 9, '99409'),
(1315, '0', 1, 'T1014'),
(1316, '0', 2, 'T1014'),
(1317, '0', 3, 'T1014'),
(1318, '0', 4, 'T1014'),
(1319, '0', 5, 'T1014'),
(1320, '0', 6, 'T1014'),
(1321, '0', 7, 'T1014'),
(1322, '0', 8, 'T1014'),
(1323, '0', 9, 'T1014'),
(1324, '0', 1, 'T1015'),
(1325, '1', 2, 'T1015'),
(1326, '0', 3, 'T1015'),
(1327, '1', 4, 'T1015'),
(1328, '0', 5, 'T1015'),
(1329, '0', 6, 'T1015'),
(1330, '0', 7, 'T1015'),
(1331, '0', 8, 'T1015'),
(1332, '0', 9, 'T1015'),
(1333, '2', 1, 'Q3014'),
(1334, '1', 2, 'Q3014'),
(1335, '0', 3, 'Q3014'),
(1336, '1', 4, 'Q3014'),
(1337, '0', 5, 'Q3014'),
(1338, '0', 6, 'Q3014'),
(1339, '0', 7, 'Q3014'),
(1340, '0', 8, 'Q3014'),
(1341, '1', 9, 'Q3014');

-- --------------------------------------------------------

--
-- Table structure for table `distant`
--

CREATE TABLE IF NOT EXISTS `distant` (
  `dis_id` int(11) NOT NULL,
  `distant_site` varchar(500) NOT NULL
) ENGINE=InnoDB AUTO_INCREMENT=10 DEFAULT CHARSET=latin1;

--
-- Dumping data for table `distant`
--

INSERT INTO `distant` (`dis_id`, `distant_site`) VALUES
(1, 'Physician'),
(2, 'Nurse Practitioner'),
(3, 'Physician Assistant'),
(4, 'Nurse-midwife'),
(5, 'Clinical Nurse Specialist'),
(6, 'Certified Registered Nurse Anesthetist'),
(7, 'Clinical Psychologist'),
(8, 'Clinical Social Worker'),
(9, 'Registered Dietitian');

-- --------------------------------------------------------

--
-- Table structure for table `distant_provider`
--

CREATE TABLE IF NOT EXISTS `distant_provider` (
  `p_id` int(11) NOT NULL,
  `provider_title` varchar(255) NOT NULL,
  `note` varchar(500) NOT NULL
) ENGINE=InnoDB AUTO_INCREMENT=10 DEFAULT CHARSET=latin1;

--
-- Dumping data for table `distant_provider`
--

INSERT INTO `distant_provider` (`p_id`, `provider_title`, `note`) VALUES
(1, 'Medicare', ''),
(2, 'SC Medicaid', ''),
(3, 'SC Medicaid Rehab', ''),
(4, 'SC Medicaid Psychiatry', ''),
(5, 'BCBS', ''),
(6, 'United', ''),
(7, 'Cigna', '*In 2013 Cigna teamed with MDLIVE to offer direct access for their members to health professionals. Telehealth provided outside of MDLIVE will be paid as an out of network benefit.'),
(8, 'Aetna', '*Aetna''s policy states "physicians and health care professionals" are eligible. Policy applies to all participating and non-participating physicians, facilities and other qualified health care professionals. '),
(9, 'Tricare', '*Providers rendering telemedicine are required to be practicing within the scope and jurisdiction of their license and certifications.');

-- --------------------------------------------------------

--
-- Table structure for table `originating`
--

CREATE TABLE IF NOT EXISTS `originating` (
  `org_id` int(11) NOT NULL,
  `originating_site` varchar(500) NOT NULL
) ENGINE=InnoDB AUTO_INCREMENT=11 DEFAULT CHARSET=latin1;

--
-- Dumping data for table `originating`
--

INSERT INTO `originating` (`org_id`, `originating_site`) VALUES
(1, 'Office of Physician or Practitioner'),
(2, 'Hospital (inpatient or outpatient department)'),
(3, 'Critical Access Hospital'),
(4, 'Rural Health Clinic'),
(5, 'Federally Qualified Health Centers'),
(6, 'Hospital-based or critical access hospital-based renal dialysis center (including satellites)'),
(7, 'Skilled Nursing Facility (SNF)'),
(8, 'Community Mental Health Center (CMHC)'),
(9, 'Home'),
(10, 'Public School');

-- --------------------------------------------------------

--
-- Table structure for table `originating_provider`
--

CREATE TABLE IF NOT EXISTS `originating_provider` (
  `p_id` int(11) NOT NULL,
  `provider_title` varchar(255) NOT NULL,
  `note` varchar(500) NOT NULL
) ENGINE=InnoDB AUTO_INCREMENT=10 DEFAULT CHARSET=latin1;

--
-- Dumping data for table `originating_provider`
--

INSERT INTO `originating_provider` (`p_id`, `provider_title`, `note`) VALUES
(1, 'Medicare', ''),
(2, 'SC Medicaid', ''),
(3, 'BCBS', ''),
(4, 'SC Medicaid Psychiatry', ''),
(5, 'United', ''),
(6, 'Cigna', '*In 2013 Cigna teamed with MDLIVE to offer direct access for their members to health professionals. Telehealth provided outside of MDLIVE will be paid as an out of network benefit.'),
(7, 'Aetna', '*Aetna does not list specific covered originating sites in their policy. '),
(8, 'Tricare', '*Payment is made only when the originating site is an otherwise authorized TRICARE provider normally offers professional medical or psychological services. No payment shall be made when the originating site does not satisfy the requirement (e.g., no payment will be made when the originating site is the beneficiary''s home.');

-- --------------------------------------------------------

--
-- Table structure for table `providers`
--

CREATE TABLE IF NOT EXISTS `providers` (
  `p_id` int(11) NOT NULL,
  `provider_title` varchar(255) NOT NULL,
  `note` varchar(500) NOT NULL
) ENGINE=InnoDB AUTO_INCREMENT=10 DEFAULT CHARSET=latin1;

--
-- Dumping data for table `providers`
--

INSERT INTO `providers` (`p_id`, `provider_title`, `note`) VALUES
(1, 'Medicare', ''),
(2, 'SC Medicaid', ''),
(3, 'SC Medicaid Rehab', ''),
(4, 'SC Medicaid Psychiatry', ''),
(5, 'BCBS', '*BCBS beneficiaries are eligible for telemedicine services only if the member/beneficiary access to appropriate specialty care is difficult, inaccessible or unavailable by the member or in an urgent situation such that access to the specialty care is needed immediately without requiring the patient to travel.'),
(6, 'United', '*Psychiatric services that are out of network are non-covered by United.'),
(7, 'Cigna', '*In 2013 Cigna teamed with MDLIVE to offer direct access for their members to health professionals. Telehealth provided outside of MDLIVE will be paid as an out of network benefit.'),
(8, 'Aetna', '*Only Consumer Business (Aetna Leap plan) members are eligible for payment for services provided via telehealth.'),
(9, 'Tricare', '');

-- --------------------------------------------------------

--
-- Table structure for table `site_distant`
--

CREATE TABLE IF NOT EXISTS `site_distant` (
  `site_dis_id` int(11) NOT NULL,
  `dis_id` int(11) NOT NULL,
  `p_id` int(11) NOT NULL,
  `coverage` varchar(255) NOT NULL
) ENGINE=InnoDB AUTO_INCREMENT=84 DEFAULT CHARSET=latin1;

--
-- Dumping data for table `site_distant`
--

INSERT INTO `site_distant` (`site_dis_id`, `dis_id`, `p_id`, `coverage`) VALUES
(1, 1, 1, 'covered'),
(2, 1, 2, 'covered'),
(3, 1, 3, 'covered'),
(4, 1, 4, 'covered'),
(5, 1, 5, 'covered'),
(6, 1, 6, 'covered'),
(7, 1, 7, 'Not-Covered'),
(10, 1, 8, 'Not-Covered'),
(11, 1, 9, 'Not-Covered'),
(12, 2, 1, 'covered'),
(13, 2, 2, 'covered'),
(14, 2, 3, 'covered'),
(15, 2, 4, 'covered'),
(16, 2, 5, 'not-covered'),
(17, 2, 6, 'covered'),
(18, 2, 7, 'Not-Covered'),
(19, 2, 8, 'Not-Covered'),
(20, 2, 9, 'Not-Covered'),
(21, 3, 1, 'covered'),
(22, 3, 2, 'covered'),
(23, 3, 3, 'not-covered'),
(24, 3, 4, 'not-covered'),
(25, 3, 5, 'not-covered'),
(26, 3, 6, 'covered'),
(27, 3, 7, 'Not-Covered'),
(28, 3, 8, 'Not-Covered'),
(29, 3, 9, 'Not-Covered'),
(30, 4, 1, 'covered'),
(31, 4, 2, 'not-covered'),
(32, 4, 3, 'not-covered'),
(33, 4, 4, 'not-covered'),
(34, 4, 5, 'not-covered'),
(35, 4, 6, 'covered'),
(36, 4, 7, 'Not-Covered'),
(37, 4, 8, 'Not-Covered'),
(38, 4, 9, 'Not-Covered'),
(39, 5, 1, 'covered'),
(40, 5, 2, 'not-covered'),
(41, 5, 3, 'not-covered'),
(42, 5, 4, 'not-covered'),
(43, 5, 5, 'not-covered'),
(44, 5, 6, 'covered'),
(45, 5, 7, 'Not-Covered'),
(46, 5, 8, 'Not-Covered'),
(47, 5, 9, 'Not-Covered'),
(48, 6, 1, 'covered'),
(49, 6, 2, 'not-covered'),
(50, 6, 3, 'not-covered'),
(51, 6, 4, 'not-covered'),
(52, 6, 5, 'not-covered'),
(53, 6, 6, 'covered'),
(54, 6, 7, 'Not-Covered'),
(55, 6, 8, 'Not-Covered'),
(56, 6, 9, 'Not-Covered'),
(57, 7, 1, 'covered'),
(58, 7, 2, 'not-covered'),
(59, 7, 3, 'not-covered'),
(60, 7, 4, 'not-covered'),
(61, 7, 5, 'not-covered'),
(62, 7, 6, 'not-covered'),
(63, 7, 7, 'Not-Covered'),
(64, 7, 8, 'Not-Covered'),
(65, 7, 9, 'Not-Covered'),
(66, 8, 1, 'covered'),
(67, 8, 2, 'not-covered'),
(68, 8, 3, 'not-covered'),
(69, 8, 4, 'not-covered'),
(70, 8, 5, 'not-covered'),
(71, 8, 6, 'covered'),
(72, 8, 7, 'Not-Covered'),
(73, 8, 8, 'Not-Covered'),
(74, 8, 9, 'Not-Covered'),
(75, 9, 1, 'covered'),
(76, 9, 2, 'not-covered'),
(77, 9, 3, 'not-covered'),
(78, 9, 4, 'not-covered'),
(79, 9, 5, 'not-covered'),
(80, 9, 6, 'covered'),
(81, 9, 7, 'Not-Covered'),
(82, 9, 8, 'Not-Covered'),
(83, 9, 9, 'Not-Covered');

-- --------------------------------------------------------

--
-- Table structure for table `site_provider`
--

CREATE TABLE IF NOT EXISTS `site_provider` (
  `site_pro_id` int(11) NOT NULL,
  `org_id` int(11) NOT NULL,
  `p_id` int(11) NOT NULL,
  `coverage` varchar(255) NOT NULL
) ENGINE=InnoDB AUTO_INCREMENT=91 DEFAULT CHARSET=latin1;

--
-- Dumping data for table `site_provider`
--

INSERT INTO `site_provider` (`site_pro_id`, `org_id`, `p_id`, `coverage`) VALUES
(1, 1, 1, 'covered'),
(2, 1, 2, 'covered'),
(3, 1, 3, 'covered'),
(4, 1, 4, 'covered'),
(5, 1, 5, 'covered'),
(6, 1, 6, 'not-covered'),
(7, 1, 7, 'not-covered'),
(8, 1, 8, 'not-covered'),
(10, 2, 1, 'covered'),
(11, 2, 2, 'covered'),
(12, 2, 3, 'covered'),
(13, 2, 4, 'covered'),
(14, 2, 5, 'covered'),
(15, 2, 6, 'not-covered'),
(16, 2, 7, 'not-covered'),
(17, 2, 8, 'not-covered'),
(19, 3, 1, 'covered'),
(20, 3, 2, 'not-covered'),
(21, 3, 3, 'not-covered'),
(22, 3, 4, 'not-covered'),
(23, 3, 5, 'covered'),
(24, 3, 6, 'not-covered'),
(25, 3, 7, 'not-covered'),
(26, 3, 8, 'not-covered'),
(28, 4, 1, 'covered'),
(29, 4, 2, 'covered'),
(30, 4, 3, 'covered'),
(31, 4, 4, 'covered'),
(32, 4, 5, 'covered'),
(33, 4, 6, 'not-covered'),
(34, 4, 7, 'not-covered'),
(35, 4, 8, 'not-covered'),
(37, 5, 1, 'covered'),
(38, 5, 2, 'covered'),
(39, 5, 3, 'covered'),
(40, 5, 4, 'covered'),
(41, 5, 5, 'covered'),
(42, 5, 6, 'not-covered'),
(43, 5, 7, 'not-covered'),
(44, 5, 8, 'not-covered'),
(46, 6, 1, 'covered'),
(47, 6, 2, 'not-covered'),
(48, 6, 3, 'not-covered'),
(49, 6, 4, 'not-covered'),
(50, 6, 5, 'covered'),
(51, 6, 6, 'not-covered'),
(52, 6, 7, 'not-covered'),
(53, 6, 8, 'not-covered'),
(55, 7, 1, 'covered'),
(56, 7, 2, 'not-covered'),
(57, 7, 3, 'not-covered'),
(58, 7, 4, 'not-covered'),
(59, 7, 5, 'covered'),
(60, 7, 6, 'not-covered'),
(61, 7, 7, 'not-covered'),
(62, 7, 8, 'not-covered'),
(64, 8, 1, 'covered'),
(65, 8, 2, 'covered'),
(66, 8, 3, 'covered'),
(67, 8, 4, 'covered'),
(68, 8, 5, 'covered'),
(69, 8, 6, 'not-covered'),
(70, 8, 7, 'not-covered'),
(71, 8, 8, 'not-covered'),
(73, 9, 1, 'not-covered'),
(74, 9, 2, 'not-covered'),
(75, 9, 3, 'not-covered'),
(76, 9, 4, 'not-covered'),
(77, 9, 5, 'not-covered'),
(78, 9, 6, 'not-covered'),
(79, 9, 7, 'not-covered'),
(80, 9, 8, 'not-covered'),
(82, 10, 1, 'not-covered'),
(83, 10, 2, 'covered'),
(84, 10, 3, 'covered'),
(85, 10, 4, 'not-covered'),
(86, 10, 5, 'not-covered'),
(87, 10, 6, 'not-covered'),
(88, 10, 7, 'not-covered'),
(89, 10, 8, 'not-covered');

-- --------------------------------------------------------

--
-- Table structure for table `zipcode`
--

CREATE TABLE IF NOT EXISTS `zipcode` (
  `zip_id` int(11) NOT NULL,
  `state` varchar(255) NOT NULL,
  `rural_zipcode` int(11) NOT NULL,
  `year_qtr` int(11) NOT NULL
) ENGINE=InnoDB AUTO_INCREMENT=187 DEFAULT CHARSET=latin1;

--
-- Dumping data for table `zipcode`
--

INSERT INTO `zipcode` (`zip_id`, `state`, `rural_zipcode`, `year_qtr`) VALUES
(1, 'SC', 29001, 201504),
(2, 'SC', 29003, 201504),
(3, 'SC', 29010, 201504),
(4, 'SC', 29014, 201504),
(5, 'SC', 29018, 201504),
(6, 'SC', 29037, 201504),
(7, 'SC', 29038, 201504),
(8, 'SC', 29039, 201504),
(9, 'SC', 29041, 201504),
(10, 'SC', 29042, 201504),
(11, 'SC', 29046, 201504),
(12, 'SC', 29047, 201504),
(13, 'SC', 29048, 201504),
(14, 'SC', 29051, 201504),
(15, 'SC', 29055, 201504),
(16, 'SC', 29056, 201504),
(17, 'SC', 29058, 201504),
(18, 'SC', 29059, 201504),
(19, 'SC', 29067, 201504),
(20, 'SC', 29075, 201504),
(21, 'SC', 29080, 201504),
(22, 'SC', 29081, 201504),
(23, 'SC', 29082, 201504),
(24, 'SC', 29101, 201504),
(25, 'SC', 29102, 201504),
(26, 'SC', 29104, 201504),
(27, 'SC', 29107, 201504),
(28, 'SC', 29108, 201504),
(29, 'SC', 29111, 201504),
(30, 'SC', 29112, 201504),
(31, 'SC', 29113, 201504),
(32, 'SC', 29115, 201504),
(33, 'SC', 29116, 201504),
(34, 'SC', 29117, 201504),
(35, 'SC', 29118, 201504),
(36, 'SC', 29122, 201504),
(37, 'SC', 29125, 201504),
(38, 'SC', 29126, 201504),
(39, 'SC', 29127, 201504),
(40, 'SC', 29133, 201504),
(41, 'SC', 29138, 201504),
(42, 'SC', 29142, 201504),
(43, 'SC', 29143, 201504),
(44, 'SC', 29145, 201504),
(45, 'SC', 29146, 201504),
(46, 'SC', 29148, 201504),
(47, 'SC', 29162, 201504),
(48, 'SC', 29163, 201504),
(49, 'SC', 29166, 201504),
(50, 'SC', 29178, 201504),
(51, 'SC', 29340, 201504),
(52, 'SC', 29341, 201504),
(53, 'SC', 29342, 201504),
(54, 'SC', 29355, 201504),
(55, 'SC', 29432, 201504),
(56, 'SC', 29433, 201504),
(57, 'SC', 29435, 201504),
(58, 'SC', 29438, 201504),
(59, 'SC', 29440, 201504),
(60, 'SC', 29442, 201504),
(61, 'SC', 29446, 201504),
(62, 'SC', 29452, 201504),
(63, 'SC', 29474, 201504),
(64, 'SC', 29475, 201504),
(65, 'SC', 29481, 201504),
(66, 'SC', 29488, 201504),
(67, 'SC', 29493, 201504),
(68, 'SC', 29510, 201504),
(69, 'SC', 29512, 201504),
(70, 'SC', 29516, 201504),
(71, 'SC', 29518, 201504),
(72, 'SC', 29519, 201504),
(73, 'SC', 29520, 201504),
(74, 'SC', 29525, 201504),
(75, 'SC', 29536, 201504),
(76, 'SC', 29543, 201504),
(77, 'SC', 29546, 201504),
(78, 'SC', 29547, 201504),
(79, 'SC', 29554, 201504),
(80, 'SC', 29556, 201504),
(81, 'SC', 29563, 201504),
(82, 'SC', 29564, 201504),
(83, 'SC', 29565, 201504),
(84, 'SC', 29567, 201504),
(85, 'SC', 29570, 201504),
(86, 'SC', 29571, 201504),
(87, 'SC', 29574, 201504),
(88, 'SC', 29580, 201504),
(89, 'SC', 29584, 201504),
(90, 'SC', 29585, 201504),
(91, 'SC', 29589, 201504),
(92, 'SC', 29590, 201504),
(93, 'SC', 29592, 201504),
(94, 'SC', 29594, 201504),
(95, 'SC', 29596, 201504),
(96, 'SC', 29620, 201504),
(97, 'SC', 29621, 201504),
(98, 'SC', 29622, 201504),
(99, 'SC', 29623, 201504),
(100, 'SC', 29624, 201504),
(101, 'SC', 29625, 201504),
(102, 'SC', 29626, 201504),
(103, 'SC', 29627, 201504),
(104, 'SC', 29628, 201504),
(105, 'SC', 29638, 201504),
(106, 'SC', 29639, 201504),
(107, 'SC', 29643, 201504),
(108, 'SC', 29646, 201504),
(109, 'SC', 29647, 201504),
(110, 'SC', 29648, 201504),
(111, 'SC', 29649, 201504),
(112, 'SC', 29653, 201504),
(113, 'SC', 29654, 201504),
(114, 'SC', 29655, 201504),
(115, 'SC', 29656, 201504),
(116, 'SC', 29658, 201504),
(117, 'SC', 29659, 201504),
(118, 'SC', 29664, 201504),
(119, 'SC', 29665, 201504),
(120, 'SC', 29666, 201504),
(121, 'SC', 29669, 201504),
(122, 'SC', 29670, 201504),
(123, 'SC', 29672, 201504),
(124, 'SC', 29675, 201504),
(125, 'SC', 29676, 201504),
(126, 'SC', 29677, 201504),
(127, 'SC', 29678, 201504),
(128, 'SC', 29679, 201504),
(129, 'SC', 29684, 201504),
(130, 'SC', 29686, 201504),
(131, 'SC', 29689, 201504),
(132, 'SC', 29691, 201504),
(133, 'SC', 29693, 201504),
(134, 'SC', 29695, 201504),
(135, 'SC', 29696, 201504),
(136, 'SC', 29697, 201504),
(137, 'SC', 29702, 201504),
(138, 'SC', 29706, 201504),
(139, 'SC', 29707, 201504),
(140, 'SC', 29709, 201504),
(141, 'SC', 29712, 201504),
(142, 'SC', 29714, 201504),
(143, 'SC', 29718, 201504),
(144, 'SC', 29720, 201504),
(145, 'SC', 29721, 201504),
(146, 'SC', 29722, 201504),
(147, 'SC', 29724, 201504),
(148, 'SC', 29727, 201504),
(149, 'SC', 29728, 201504),
(150, 'SC', 29729, 201504),
(151, 'SC', 29741, 201504),
(152, 'SC', 29744, 201504),
(153, 'SC', 29810, 201504),
(154, 'SC', 29812, 201504),
(155, 'SC', 29813, 201504),
(156, 'SC', 29817, 201504),
(157, 'SC', 29819, 201504),
(158, 'SC', 29821, 201504),
(159, 'SC', 29826, 201504),
(160, 'SC', 29827, 201504),
(161, 'SC', 29835, 201504),
(162, 'SC', 29836, 201504),
(163, 'SC', 29838, 201504),
(164, 'SC', 29840, 201504),
(165, 'SC', 29843, 201504),
(166, 'SC', 29844, 201504),
(167, 'SC', 29845, 201504),
(168, 'SC', 29846, 201504),
(169, 'SC', 29848, 201504),
(170, 'SC', 29849, 201504),
(171, 'SC', 29853, 201504),
(172, 'SC', 29899, 201504),
(173, 'SC', 29911, 201504),
(174, 'SC', 29913, 201504),
(175, 'SC', 29916, 201504),
(176, 'SC', 29918, 201504),
(177, 'SC', 29921, 201504),
(178, 'SC', 29922, 201504),
(179, 'SC', 29923, 201504),
(180, 'SC', 29924, 201504),
(181, 'SC', 29929, 201504),
(182, 'SC', 29932, 201504),
(183, 'SC', 29933, 201504),
(184, 'SC', 29939, 201504),
(185, 'SC', 29944, 201504),
(186, 'SC', 29945, 201504);

--
-- Indexes for dumped tables
--

--
-- Indexes for table `codes`
--
ALTER TABLE `codes`
  ADD PRIMARY KEY (`code`);

--
-- Indexes for table `coverage`
--
ALTER TABLE `coverage`
  ADD PRIMARY KEY (`cov_id`);

--
-- Indexes for table `distant`
--
ALTER TABLE `distant`
  ADD PRIMARY KEY (`dis_id`);

--
-- Indexes for table `distant_provider`
--
ALTER TABLE `distant_provider`
  ADD PRIMARY KEY (`p_id`);

--
-- Indexes for table `originating`
--
ALTER TABLE `originating`
  ADD PRIMARY KEY (`org_id`);

--
-- Indexes for table `originating_provider`
--
ALTER TABLE `originating_provider`
  ADD PRIMARY KEY (`p_id`);

--
-- Indexes for table `providers`
--
ALTER TABLE `providers`
  ADD PRIMARY KEY (`p_id`);

--
-- Indexes for table `site_distant`
--
ALTER TABLE `site_distant`
  ADD PRIMARY KEY (`site_dis_id`);

--
-- Indexes for table `site_provider`
--
ALTER TABLE `site_provider`
  ADD PRIMARY KEY (`site_pro_id`);

--
-- Indexes for table `zipcode`
--
ALTER TABLE `zipcode`
  ADD PRIMARY KEY (`zip_id`);

--
-- AUTO_INCREMENT for dumped tables
--

--
-- AUTO_INCREMENT for table `coverage`
--
ALTER TABLE `coverage`
  MODIFY `cov_id` int(11) NOT NULL AUTO_INCREMENT,AUTO_INCREMENT=1342;
--
-- AUTO_INCREMENT for table `distant`
--
ALTER TABLE `distant`
  MODIFY `dis_id` int(11) NOT NULL AUTO_INCREMENT,AUTO_INCREMENT=10;
--
-- AUTO_INCREMENT for table `distant_provider`
--
ALTER TABLE `distant_provider`
  MODIFY `p_id` int(11) NOT NULL AUTO_INCREMENT,AUTO_INCREMENT=10;
--
-- AUTO_INCREMENT for table `originating`
--
ALTER TABLE `originating`
  MODIFY `org_id` int(11) NOT NULL AUTO_INCREMENT,AUTO_INCREMENT=11;
--
-- AUTO_INCREMENT for table `originating_provider`
--
ALTER TABLE `originating_provider`
  MODIFY `p_id` int(11) NOT NULL AUTO_INCREMENT,AUTO_INCREMENT=10;
--
-- AUTO_INCREMENT for table `providers`
--
ALTER TABLE `providers`
  MODIFY `p_id` int(11) NOT NULL AUTO_INCREMENT,AUTO_INCREMENT=10;
--
-- AUTO_INCREMENT for table `site_distant`
--
ALTER TABLE `site_distant`
  MODIFY `site_dis_id` int(11) NOT NULL AUTO_INCREMENT,AUTO_INCREMENT=84;
--
-- AUTO_INCREMENT for table `site_provider`
--
ALTER TABLE `site_provider`
  MODIFY `site_pro_id` int(11) NOT NULL AUTO_INCREMENT,AUTO_INCREMENT=91;
--
-- AUTO_INCREMENT for table `zipcode`
--
ALTER TABLE `zipcode`
  MODIFY `zip_id` int(11) NOT NULL AUTO_INCREMENT,AUTO_INCREMENT=187;
/*!40101 SET CHARACTER_SET_CLIENT=@OLD_CHARACTER_SET_CLIENT */;
/*!40101 SET CHARACTER_SET_RESULTS=@OLD_CHARACTER_SET_RESULTS */;
/*!40101 SET COLLATION_CONNECTION=@OLD_COLLATION_CONNECTION */;
